{
  "PRECISION": 0.3986801242236025,
  "RECALL": 0.8750769230769231,
  "F1": 0.5477901411998282,
  "AUPR_MEAN": 0.4522316974530339,
  "AUPR_STD": 0.15418773206636802,
  "TP": 18486,
  "TN": 17868,
  "FP": 27882,
  "FN": 2639,
  "TOTAL_DATASETS": 14
}