{
  "TOTAL_TIME": 15637.384502410889,
  "AVG_TIME": 1116.9560358864921,
  "MAX_GPU_MEM_MB": 3840.36,
  "DATASET_COUNT": 14
}