{
  "TOTAL_TIME": 14.517621517181396,
  "AVG_TIME": 14.517621517181396,
  "MAX_GPU_MEM_MB": 0.0
}